Year,Jan,Feb,Mar,Apr,May,Jun,Jul,Aug,Sep,Oct,Nov,Dec,Annual,Winter_Jan_Feb,Pre_Monsoon_Mar_May,Monsoon_Jun_Sep,Post_Monsoon_Oct_Dec
1901,41.4,31.8,19.6,91.6,129.1,270.2,340.3,400.0,255.9,85.9,51.2,7.8,1724.9,73.2,240.3,1266.4,145.0
1902,4.7,4.2,49.6,160.6,160.8,312.6,438.3,337.7,373.0,57.8,6.3,3.2,1908.8,8.9,371.0,1461.6,67.3
1903,14.4,21.9,55.4,53.0,112.0,345.8,249.5,411.8,273.8,174.1,27.6,0.3,1739.6,36.3,220.3,1280.9,202.0
1904,5.0,29.8,33.2,162.7,212.8,321.3,452.7,372.6,198.5,90.8,30.0,2.4,1912.0,34.8,408.8,1345.2,123.2
1905,22.0,35.5,118.5,104.6,163.3,235.4,446.6,484.3,316.2,113.4,5.2,12.9,2058.0,57.5,386.4,1482.6,131.5
1906,22.3,82.7,49.8,77.9,151.0,284.2,436.0,425.8,230.2,115.0,17.0,0.8,1892.7,104.9,278.7,1376.1,132.9
1907,21.0,40.9,80.9,110.8,108.1,374.4,381.8,311.5,295.4,33.9,2.0,21.3,1782.0,61.8,299.8,1363.1,57.2
1908,18.0,28.1,8.6,66.1,164.6,287.2,384.3,304.8,260.7,70.7,20.3,0.1,1613.4,46.0,239.3,1237.0,91.2
1909,13.8,7.6,1.8,135.3,144.7,475.2,307.1,441.0,236.6,97.8,17.5,20.0,1898.3,21.3,281.8,1460.0,135.2
1910,14.4,14.8,47.7,87.2,144.7,398.4,458.7,368.3,261.3,144.5,13.0,1.0,1954.1,29.2,279.5,1486.8,158.6
1911,28.9,7.3,58.8,93.8,195.3,407.8,367.3,394.8,322.9,175.8,22.3,0.7,2075.6,36.1,347.8,1492.8,198.8
1912,4.2,30.3,72.6,144.1,148.9,276.7,436.2,370.6,183.1,104.3,66.7,3.3,1840.8,34.5,365.5,1266.5,174.3
1913,4.4,78.4,65.9,104.2,206.2,470.0,387.6,372.7,245.9,140.9,23.3,30.4,2130.0,82.8,376.3,1476.2,194.6
1914,2.0,50.6,44.4,116.7,212.0,240.5,366.9,429.6,209.9,44.6,5.5,23.5,1746.1,52.6,373.1,1246.9,73.6
1915,8.6,43.0,55.8,90.0,289.5,309.4,432.7,406.9,244.4,106.3,33.8,1.2,2021.7,51.6,435.3,1393.4,141.4
1916,13.9,25.1,40.1,146.5,180.2,474.1,412.2,415.2,316.5,257.7,31.1,2.7,2315.3,39.0,366.7,1618.0,291.5
1917,6.9,69.9,22.1,122.0,141.1,457.4,482.9,373.3,313.3,225.8,30.0,0.4,2245.1,76.8,285.2,1627.0,256.2
1918,4.0,6.3,77.9,108.3,309.3,638.9,580.4,552.7,318.4,48.2,10.4,3.4,2658.3,10.3,495.4,2090.5,62.1
1919,39.9,22.5,17.0,110.4,178.3,457.9,503.3,311.7,357.2,240.9,31.3,3.0,2273.5,62.5,305.8,1630.0,275.2
1920,3.9,61.4,214.9,120.2,133.6,363.8,441.8,465.3,330.7,84.2,2.0,0.8,2222.7,65.3,468.8,1601.6,87.0
1921,43.4,19.2,84.2,165.1,243.7,491.3,572.1,488.7,350.6,132.6,3.1,5.1,2599.0,62.6,493.0,1902.6,140.9
1922,17.8,13.3,45.0,106.7,153.7,583.6,506.4,427.7,276.7,152.9,14.8,7.3,2305.9,31.1,305.5,1794.4,175.0
1923,1.9,76.6,12.8,129.3,227.6,357.3,511.7,352.6,309.1,91.0,22.3,3.3,2095.7,78.5,369.7,1530.8,116.6
1924,21.2,23.4,18.8,105.5,209.0,452.9,570.0,418.9,345.1,136.5,98.1,0.2,2399.5,44.7,333.2,1786.9,234.7
1925,27.7,30.5,45.6,153.6,311.8,314.9,429.3,418.4,422.0,102.6,13.3,0.8,2270.2,58.1,510.9,1584.5,116.7
1926,25.7,22.8,117.4,101.5,159.5,326.9,603.0,388.0,256.4,133.9,10.4,26.8,2172.3,48.5,378.4,1574.3,171.1
1927,34.0,88.0,49.7,169.9,148.7,428.5,495.4,393.3,471.7,166.3,26.0,0.2,2471.7,122.0,368.3,1788.9,192.6
1928,28.5,21.2,39.4,73.6,239.5,498.5,513.7,466.5,304.4,284.2,12.0,2.8,2484.3,49.6,352.5,1783.1,299.0
1929,72.0,15.6,53.6,190.8,298.1,490.2,448.5,402.0,243.0,224.3,15.7,45.8,2499.5,87.6,542.5,1583.6,285.8
1930,20.2,33.6,74.5,158.7,122.9,409.9,377.0,469.6,322.2,124.6,106.4,8.0,2227.5,53.8,356.1,1578.7,239.0
1931,13.3,76.8,63.7,161.4,205.4,429.8,640.9,300.0,322.4,139.4,34.8,14.5,2402.3,90.1,430.5,1693.1,188.6
1932,15.1,42.2,43.2,111.4,294.6,472.1,381.8,443.5,340.1,86.1,118.7,17.0,2365.8,57.3,449.2,1637.5,221.8
1933,28.6,36.7,26.4,139.4,228.5,420.4,473.4,498.5,253.1,126.6,10.4,3.4,2245.4,65.3,394.3,1645.5,140.3
1934,29.8,55.2,34.8,193.6,226.8,494.4,528.5,378.6,278.1,133.6,56.9,10.0,2420.2,85.0,455.2,1679.5,200.5
1935,14.9,51.4,52.4,91.3,168.5,485.6,355.5,582.6,359.5,29.7,15.6,5.6,2212.7,66.3,312.2,1783.2,51.0
1936,27.5,56.0,61.3,143.4,267.6,412.5,577.3,401.6,388.2,149.5,29.2,31.3,2545.5,83.5,472.3,1779.7,210.0
1937,3.6,78.9,25.7,83.3,245.9,332.4,397.5,503.0,279.8,181.8,8.4,14.4,2154.9,82.5,354.9,1512.8,204.7
1938,40.8,39.6,99.9,128.0,246.4,594.6,543.5,465.6,395.5,122.3,37.7,1.0,2715.1,80.4,474.3,1999.3,161.0
1939,6.2,56.1,35.0,128.8,188.1,483.0,508.6,325.3,337.6,157.1,8.8,2.3,2236.8,62.3,351.9,1654.5,168.1
1940,2.6,69.0,172.4,47.3,232.1,334.3,485.6,349.6,343.6,76.9,11.1,19.3,2143.7,71.6,451.7,1513.1,107.3
1941,21.9,32.7,41.4,131.7,330.3,427.8,472.5,457.0,329.5,132.0,28.3,10.4,2415.5,54.6,503.4,1686.8,170.7
1942,12.8,53.9,90.1,147.0,261.3,476.2,377.2,392.4,397.2,44.1,32.8,0.7,2285.7,66.7,498.4,1643.0,77.6
1943,71.3,28.2,99.2,152.3,241.2,399.8,443.2,427.2,361.7,84.9,9.1,4.9,2323.0,99.5,492.7,1631.9,99.0
1944,51.7,37.2,64.7,94.0,272.1,436.5,393.6,372.4,368.0,123.8,7.0,9.7,2230.7,88.9,430.7,1570.5,140.6
1945,43.0,44.2,47.4,119.0,227.0,335.8,461.2,439.6,299.6,188.2,2.6,12.9,2220.5,87.3,393.3,1536.3,203.7
1946,0.3,25.4,74.2,149.3,265.6,381.4,568.1,354.5,327.4,233.4,18.6,7.5,2405.7,25.8,489.1,1631.4,259.5
1947,10.5,19.6,66.6,152.0,238.5,373.3,589.4,337.1,340.1,173.8,2.8,17.2,2321.1,30.1,457.2,1639.9,193.9
1948,16.1,47.0,51.4,166.9,431.2,413.6,753.4,416.3,296.2,129.8,65.1,5.4,2792.3,63.0,649.5,1879.5,200.3
1949,25.7,32.7,77.0,235.4,285.6,484.6,505.9,446.4,329.0,146.9,9.7,10.7,2589.8,58.4,598.1,1766.0,167.3
1950,13.9,39.4,75.3,106.6,163.3,431.9,371.2,402.8,206.8,137.4,45.4,9.9,2003.8,53.3,345.2,1412.7,192.6
1951,8.7,11.5,86.0,178.5,160.2,404.4,419.3,314.9,217.0,151.1,32.5,10.5,1994.5,20.2,424.7,1355.5,194.0
1952,5.9,11.4,78.2,112.5,225.5,314.9,422.6,386.6,310.9,185.0,28.0,5.7,2087.0,17.3,416.2,1434.9,218.6
1953,29.2,26.6,100.8,86.3,214.3,358.9,453.6,321.9,393.1,77.5,14.3,7.7,2084.0,55.7,401.4,1527.4,99.5
1954,15.0,24.4,16.7,95.4,208.1,378.0,425.7,366.5,236.0,106.3,1.2,13.3,1886.6,39.5,320.2,1406.2,120.7
1955,16.3,6.9,63.3,93.5,150.9,317.3,503.8,353.6,225.5,113.9,70.8,3.1,1918.7,23.2,307.7,1400.2,187.7
1956,17.8,11.8,64.9,79.6,273.8,503.3,351.0,363.3,292.7,165.2,40.9,7.3,2171.6,29.7,418.3,1510.2,213.5
1957,66.1,27.2,17.4,81.8,210.1,335.7,541.1,366.4,275.2,76.1,5.5,9.5,2012.1,93.3,309.3,1518.4,91.1
1958,26.8,41.5,17.2,89.7,295.7,263.4,334.6,598.2,348.1,237.1,3.0,7.1,2262.5,68.3,402.6,1544.3,247.2
1959,56.5,44.4,66.0,76.8,271.5,388.2,461.9,302.4,330.1,289.4,3.5,0.7,2291.4,100.9,414.3,1482.7,293.6
1960,2.6,8.1,37.9,36.9,165.9,320.7,556.5,322.5,463.2,63.0,15.2,2.5,1995.2,10.7,240.7,1663.0,80.7
1961,17.2,72.0,124.4,68.4,213.2,355.7,359.2,372.3,250.3,166.0,19.6,4.9,2023.3,89.1,406.1,1337.6,190.5
1962,18.7,29.3,15.2,104.1,227.7,470.7,367.8,543.7,197.0,126.2,2.6,3.8,2106.8,48.1,346.9,1579.2,132.6
1963,4.2,9.7,49.7,125.1,205.9,451.3,492.7,469.1,306.8,190.5,17.1,4.3,2326.5,13.9,380.7,1720.0,211.8
1964,12.1,28.1,41.3,146.5,184.2,485.9,652.0,295.5,290.5,162.5,12.2,15.1,2325.8,40.2,372.0,1723.9,189.8
1965,7.4,47.1,46.9,93.1,155.8,322.5,369.3,360.4,242.5,69.8,27.5,8.5,1750.9,54.5,295.7,1294.9,105.8
1966,22.7,21.0,30.4,79.7,145.0,427.0,337.2,389.2,199.5,89.6,28.2,14.7,1784.3,43.7,255.2,1352.8,132.5
1967,19.5,19.9,87.2,86.8,144.6,237.7,399.6,317.5,290.6,73.5,6.2,5.2,1688.4,39.4,318.6,1245.4,84.9
1968,28.6,16.4,51.7,79.7,192.8,425.6,440.7,366.6,177.0,107.0,17.9,3.4,1907.4,44.9,324.3,1409.9,128.3
1969,14.0,5.4,50.3,104.4,141.1,365.3,465.3,536.0,244.6,54.2,26.1,2.6,2009.3,19.5,295.9,1611.1,82.9
1970,33.6,79.1,51.8,98.4,212.6,420.0,496.3,383.2,394.4,179.3,26.0,0.1,2374.8,112.8,362.8,1693.8,205.4
1971,34.6,34.6,21.5,159.7,172.1,407.4,459.1,466.2,259.1,181.8,45.3,3.9,2245.4,69.3,353.3,1591.9,231.0
1972,15.1,54.0,43.7,118.8,156.1,257.2,327.4,291.9,231.3,69.3,13.3,4.6,1582.7,69.2,318.6,1107.8,87.2
1973,25.5,45.6,37.6,110.3,206.2,398.8,284.3,323.5,322.8,169.8,53.8,22.2,2000.4,71.1,354.0,1329.4,245.8
1974,22.3,14.0,73.3,128.0,187.3,333.6,559.9,402.0,335.5,142.3,20.0,6.5,2224.7,36.3,388.7,1630.9,168.8
1975,11.4,26.7,29.8,105.3,159.0,242.9,475.5,250.7,286.3,186.2,34.4,4.1,1812.4,38.1,294.2,1255.4,224.7
1976,3.8,46.3,75.0,112.7,163.5,410.9,357.3,338.7,246.7,62.2,28.9,8.4,1854.6,50.1,351.2,1353.7,99.5
1977,20.8,35.3,56.5,251.2,256.8,362.7,445.1,407.6,196.3,147.9,51.3,31.4,2262.8,56.1,564.5,1411.7,230.6
1978,12.1,31.6,58.5,96.9,217.0,392.7,349.0,269.5,336.1,108.7,42.5,4.5,1919.2,43.8,372.3,1347.4,155.7
1979,19.2,29.5,50.9,69.0,116.3,231.6,480.6,248.1,255.8,171.3,26.0,34.1,1732.5,48.7,236.2,1216.1,231.4
1980,20.8,42.8,92.4,129.6,205.9,344.9,428.9,395.0,280.1,126.0,1.7,0.9,2068.9,63.6,427.8,1448.9,128.6
1981,40.4,46.5,91.3,133.9,221.2,268.4,510.2,327.3,237.0,28.9,10.2,30.0,1945.3,86.9,446.4,1342.9,69.1
1982,3.7,39.1,73.0,155.5,117.1,336.1,385.0,304.8,259.9,51.7,29.6,14.7,1770.2,42.8,345.7,1285.8,95.9
1983,21.6,54.4,96.3,159.4,218.0,301.1,423.1,334.5,343.2,143.3,4.9,22.6,2122.5,76.0,473.7,1401.9,170.8
1984,36.9,19.6,35.9,138.2,276.4,465.8,563.5,349.1,308.1,112.3,3.4,22.6,2331.8,56.5,450.5,1686.5,138.3
1985,17.7,29.5,86.0,140.8,221.6,359.4,509.4,316.0,314.2,126.6,10.0,15.5,2146.7,47.2,448.3,1499.0,152.1
1986,9.9,24.0,29.3,160.6,122.8,305.8,404.9,306.2,349.0,206.4,54.5,20.0,1993.4,33.9,312.7,1365.9,280.9
1987,4.6,23.1,62.1,151.2,127.0,317.7,569.3,485.6,416.0,94.8,32.8,11.5,2295.8,27.7,340.4,1788.6,139.1
1988,10.4,45.5,92.2,120.1,300.3,343.3,515.0,541.0,276.7,167.6,36.9,6.6,2455.5,55.9,512.6,1676.0,211.1
1989,13.2,46.7,28.9,124.5,185.4,355.0,520.1,279.1,370.5,160.2,18.6,13.2,2115.4,59.9,338.8,1524.7,191.9
1990,13.7,56.0,95.9,172.0,220.7,403.2,489.8,322.9,362.3,155.8,24.0,11.8,2328.0,69.7,488.5,1578.1,191.7
1991,21.4,32.0,54.2,115.7,284.0,381.6,371.0,395.9,368.4,138.8,11.3,47.8,2222.1,53.3,453.9,1516.9,197.9
1992,11.9,49.8,50.5,78.7,174.8,296.5,425.6,299.6,229.6,118.2,9.6,5.7,1750.4,61.6,303.9,1251.3,133.5
1993,36.2,61.7,67.0,94.7,250.8,404.4,418.5,429.5,336.0,119.6,18.4,1.7,2238.6,97.9,412.6,1588.4,139.7
1994,28.0,41.1,103.9,106.0,165.6,335.3,318.0,307.6,193.5,107.2,12.1,4.3,1722.8,69.1,375.6,1154.5,123.6
1995,12.8,36.7,36.7,78.6,199.0,403.6,444.5,411.4,386.5,70.3,94.1,15.6,2189.7,49.5,314.3,1646.0,179.9
1996,20.2,29.3,76.9,74.1,219.8,318.5,406.5,398.6,207.1,152.1,5.2,1.4,1909.7,49.6,370.8,1330.6,158.7
1997,15.8,28.2,74.9,84.5,147.2,371.5,469.5,328.6,302.6,42.0,25.4,34.8,1925.0,44.0,306.7,1472.3,102.1
1998,30.6,33.8,111.4,103.9,179.1,366.6,520.5,465.0,250.7,151.9,37.6,0.7,2251.9,64.4,394.5,1602.8,190.2
1999,2.7,1.4,20.7,69.4,272.2,351.6,470.5,429.9,292.4,185.6,14.1,4.1,2114.6,4.1,362.4,1544.3,203.8
2000,18.8,29.2,60.1,154.2,243.2,368.3,334.7,337.3,359.9,73.9,17.5,1.9,1999.3,48.1,457.5,1400.3,93.4
2001,11.1,26.9,47.0,105.7,195.0,351.1,327.9,266.6,254.3,188.4,19.2,2.9,1796.1,38.0,347.8,1199.8,210.5
2002,28.6,11.5,56.1,144.7,189.5,323.6,443.4,300.9,251.0,65.6,38.6,6.0,1859.6,40.1,390.3,1318.9,110.2
2003,10.1,41.8,68.1,112.4,143.7,387.5,407.4,292.9,234.2,218.2,10.2,16.1,1942.6,52.0,324.2,1322.0,244.5
2004,16.5,12.8,52.5,177.2,190.4,339.3,533.5,286.9,264.0,184.0,4.0,4.8,2065.9,29.2,420.1,1423.8,192.9
2005,22.8,45.6,117.6,104.8,149.2,236.2,383.5,355.1,189.9,170.6,9.1,3.6,1788.2,68.5,371.7,1164.8,183.3
2006,1.4,28.2,24.2,101.0,224.4,337.8,374.8,240.7,289.4,63.1,21.8,6.6,1713.4,29.6,349.7,1242.6,91.5
2007,4.6,61.5,30.6,145.7,162.6,339.7,584.0,345.7,423.5,101.3,31.2,4.6,2235.0,66.1,338.9,1692.9,137.1
2008,38.1,15.6,56.4,90.3,137.0,390.6,425.3,388.6,211.5,91.4,2.6,1.2,1848.8,53.8,283.7,1416.0,95.3
2009,5.4,19.3,28.3,70.5,182.3,197.6,316.3,378.8,206.4,110.9,15.5,4.3,1535.7,24.7,281.1,1099.1,130.7
2010,0.7,6.6,77.6,190.2,211.1,325.8,313.6,284.9,260.1,98.0,16.4,16.1,1801.0,7.3,478.9,1184.4,130.5
2011,14.0,14.9,68.1,90.5,181.7,330.1,345.0,347.1,273.9,40.1,7.1,3.6,1716.0,28.9,340.3,1296.0,50.8
2012,29.1,12.3,38.7,164.6,109.6,368.8,402.6,286.0,330.4,115.2,24.1,9.2,1890.8,41.4,312.9,1387.9,148.6
2013,3.4,14.4,32.7,92.1,260.2,256.9,289.9,300.0,222.5,195.8,3.5,2.5,1674.0,17.8,385.1,1069.3,201.9
2014,8.8,39.1,30.7,40.5,231.1,266.4,319.1,382.7,277.9,58.7,8.1,3.2,1666.4,47.9,302.3,1246.2,70.0
2015,16.6,14.1,43.0,165.2,162.3,346.0,359.4,396.3,219.1,45.4,11.4,14.4,1793.1,30.7,370.5,1320.7,71.2
2016,15.4,25.5,51.1,139.0,197.7,264.2,427.3,253.7,342.3,104.7,21.6,2.6,1845.2,40.9,387.8,1287.5,129.0
2017,3.0,23.0,89.7,166.1,163.7,297.0,439.0,413.8,253.0,178.9,8.1,13.4,2048.6,26.0,419.4,1402.8,200.4
2018,7.0,16.7,45.5,94.9,144.7,257.3,333.7,277.0,212.0,51.8,15.3,19.4,1475.2,23.7,285.1,1079.9,86.5
2019,4.0,44.7,47.5,99.9,192.5,224.8,474.7,215.3,330.2,129.5,19.5,10.4,1792.9,48.7,339.8,1245.0,159.3
2020,29.1,19.5,46.1,113.2,241.0,403.5,476.5,287.3,351.1,120.7,20.3,3.2,2111.5,48.6,400.3,1518.4,144.3
2021,7.7,4.4,35.9,65.6,248.6,359.6,322.3,350.4,213.2,147.8,11.6,26.0,1793.0,12.0,350.1,1245.5,185.4
2022,24.7,48.4,28.0,164.0,251.4,402.2,234.8,244.8,244.9,170.0,0.4,6.1,1815.6,73.1,443.4,1126.7,176.4
2023,1.9,21.6,66.1,63.8,111.5,286.5,290.2,340.3,210.8,134.2,14.2,26.6,1567.6,23.5,241.4,1127.7,175.0
2024,5.4,34.0,53.4,78.0,187.2,288.4,323.2,338.8,232.8,140.2,7.3,3.1,1710.2,39.4,316.0,1185.2,152.8
